kappa	C	LR	modelR	LRstar	diversity
HD827sonic_1_lib1_collapsed	0.45012	0.482059452432708	154402.794	0.999928088746722	12309657.8655424	11.7407203580903
