kappa	C	LR	modelR	LRstar	diversity
HD827sonic_2_lib3_collapsed	0.44683	0.478837583471961	154402.794	0.999803746328576	12747822.5347917	11.74905176226
